dish_id,dish_name,contains_allergens,unknown_allergens,assumption_scope,simulation_version
46,王老吉,,ALL,包装标签未知；所有过敏原保持UNKNOWN,SIM-MENU-V1
47,北冰洋,,ALL,包装标签未知；所有过敏原保持UNKNOWN,SIM-MENU-V1
48,雪花啤酒,,ALL,包装标签未知；所有过敏原保持UNKNOWN,SIM-MENU-V1
49,米饭,,,仅按模拟配方且假设独立制作；未评估交叉接触,SIM-MENU-V1
50,馒头,WHEAT,,仅按模拟配方且假设独立制作；未评估交叉接触,SIM-MENU-V1
51,老坛酸菜鱼,FISH;SOY;WHEAT,,模拟酱油配方；未评估交叉接触,SIM-MENU-V1
52,经典酸菜鮰鱼,FISH;SOY;WHEAT,,模拟酱油配方；未评估交叉接触,SIM-MENU-V1
53,蜀味水煮草鱼,FISH;SOY;WHEAT,,模拟豆瓣和酱油配方；未评估交叉接触,SIM-MENU-V1
54,清炒小油菜,,,仅按模拟基础配方且假设独立制作；未评估交叉接触,SIM-MENU-V1
55,蒜蓉娃娃菜,SOY;WHEAT,,模拟调味汁；未评估交叉接触,SIM-MENU-V1
56,清炒西兰花,,,仅按模拟基础配方且假设独立制作；未评估交叉接触,SIM-MENU-V1
57,炝炒圆白菜,SOY;WHEAT,,模拟酱油配方；未评估交叉接触,SIM-MENU-V1
58,清蒸鲈鱼,FISH;SOY;WHEAT,,模拟蒸鱼豉油；未评估交叉接触,SIM-MENU-V1
59,东坡肘子,SOY;WHEAT,,模拟红烧酱油；未评估交叉接触,SIM-MENU-V1
60,梅菜扣肉,SOY;WHEAT,,模拟酱油配方；未评估交叉接触,SIM-MENU-V1
61,剁椒鱼头,FISH;SOY;WHEAT,,模拟酱油配方；未评估交叉接触,SIM-MENU-V1
62,金汤酸菜牛蛙,SOY;WHEAT,,模拟复合金汤酱料；未评估交叉接触,SIM-MENU-V1
63,香锅牛蛙,SOY;WHEAT,,模拟香锅酱料；未评估交叉接触,SIM-MENU-V1
64,馋嘴牛蛙,SOY;WHEAT,,含黄豆芽并模拟复合汤汁；未评估交叉接触,SIM-MENU-V1
65,草鱼2斤,FISH;SOY;WHEAT,,含鱼和黄豆芽并模拟酱油；未评估交叉接触,SIM-MENU-V1
66,江团鱼2斤,FISH;SOY;WHEAT,,含鱼和黄豆芽并模拟酱油；未评估交叉接触,SIM-MENU-V1
67,鮰鱼2斤,FISH;SOY;WHEAT,,含鱼和黄豆芽并模拟酱油；未评估交叉接触,SIM-MENU-V1
68,鸡蛋汤,EGG;SESAME,,模拟鸡蛋和香油配方；未评估交叉接触,SIM-MENU-V1
69,平菇豆腐汤,SOY,,模拟豆腐配方；未评估交叉接触,SIM-MENU-V1

