dish_id,dish_name,one_person_serving_g,main_food_assumption,oil_g,salt_g,sugar_g,sauce_assumption,contains_allergens,simulation_version
46,王老吉,310,包装饮料310ml,0,0,28,实际标签未知,,SIM-MENU-V1
47,北冰洋,330,含糖汽水330ml,0,0,35,实际标签未知,,SIM-MENU-V1
48,雪花啤酒,330,啤酒330ml,0,0,0,实际标签未知,,SIM-MENU-V1
49,米饭,150,熟米饭150g,0,0,0,无,,SIM-MENU-V1
50,馒头,100,小麦面粉制馒头100g,0,0.5,1,发酵面团,WHEAT,SIM-MENU-V1
51,老坛酸菜鱼,450,草鱼肉180g+酸菜100g+汤底,25,3,2,模拟含酱油,FISH;SOY;WHEAT,SIM-MENU-V1
52,经典酸菜鮰鱼,450,鱼肉180g+酸菜100g+汤底,27,3,2,模拟含酱油,FISH;SOY;WHEAT,SIM-MENU-V1
53,蜀味水煮草鱼,450,草鱼肉180g+配菜+汤底,34,2.5,1,模拟含豆瓣及酱油,FISH;SOY;WHEAT,SIM-MENU-V1
54,清炒小油菜,250,小油菜220g,14,1,0,模拟基础中式炒制,,SIM-MENU-V1
55,蒜蓉娃娃菜,250,娃娃菜220g+蒜10g,14,1.2,2,模拟含少量调味汁,SOY;WHEAT,SIM-MENU-V1
56,清炒西兰花,250,西兰花220g,13,1,0,模拟基础中式炒制,,SIM-MENU-V1
57,炝炒圆白菜,250,圆白菜220g,16,1.4,2,模拟含酱油,SOY;WHEAT,SIM-MENU-V1
58,清蒸鲈鱼,280,可食鲈鱼肉220g,8,1.5,1,模拟含蒸鱼豉油,FISH;SOY;WHEAT,SIM-MENU-V1
59,东坡肘子,250,可食猪肘250g,18,2.2,12,模拟红烧酱油,SOY;WHEAT,SIM-MENU-V1
60,梅菜扣肉,250,五花肉160g+梅菜60g,12,2.6,10,模拟含酱油,SOY;WHEAT,SIM-MENU-V1
61,剁椒鱼头,350,可食鱼肉180g+剁椒80g,22,3,3,模拟含酱油,FISH;SOY;WHEAT,SIM-MENU-V1
62,金汤酸菜牛蛙,450,牛蛙肉200g+酸菜80g+汤底,28,3,2,模拟含复合金汤酱料,SOY;WHEAT,SIM-MENU-V1
63,香锅牛蛙,450,牛蛙肉200g+莲藕80g+青笋80g,42,2.6,2,模拟香锅酱料,SOY;WHEAT,SIM-MENU-V1
64,馋嘴牛蛙,450,牛蛙肉200g+丝瓜80g+黄豆芽80g,32,2.5,2,模拟复合汤汁,SOY;WHEAT,SIM-MENU-V1
65,草鱼2斤,350,整菜按3至4人分食的一人份+黄豆芽+莲藕,24,2.2,2,模拟含酱油,FISH;SOY;WHEAT,SIM-MENU-V1
66,江团鱼2斤,350,整菜按3至4人分食的一人份+黄豆芽+莲藕,25,2.3,2,模拟含酱油,FISH;SOY;WHEAT,SIM-MENU-V1
67,鮰鱼2斤,350,整菜按3至4人分食的一人份+黄豆芽+莲藕,26,2.3,2,模拟含酱油,FISH;SOY;WHEAT,SIM-MENU-V1
68,鸡蛋汤,350,鸡蛋1个+紫菜5g+汤,5,1.2,0,模拟含香油,EGG;SESAME,SIM-MENU-V1
69,平菇豆腐汤,350,豆腐120g+平菇80g+汤,6,1.1,0,模拟基础调味,SOY,SIM-MENU-V1
