dish_id,dish_name,spicy_level,oil_level,salt_level,temperature_type,digestibility,alcohol_content,pickled_food,soup_base_type,simulation_version,verification_status,source_reference
46,王老吉,0,0,0,COLD,EASY,NONE,FALSE,LIGHT,SIM-MENU-V1,SIMULATED,SIM-MENU-V1
47,北冰洋,0,0,0,COLD,EASY,NONE,FALSE,LIGHT,SIM-MENU-V1,SIMULATED,SIM-MENU-V1
48,雪花啤酒,0,0,0,COLD,EASY,CONTAINS,FALSE,LIGHT,SIM-MENU-V1,SIMULATED,SIM-MENU-V1
49,米饭,0,0,0,WARM,EASY,NONE,FALSE,UNKNOWN,SIM-MENU-V1,SIMULATED,SIM-MENU-V1
50,馒头,0,0,1,WARM,EASY,NONE,FALSE,UNKNOWN,SIM-MENU-V1,SIMULATED,SIM-MENU-V1
51,老坛酸菜鱼,3,4,5,WARM,HARD,NONE,TRUE,RICH,SIM-MENU-V1,SIMULATED,SIM-MENU-V1
52,经典酸菜鮰鱼,3,4,5,WARM,HARD,NONE,TRUE,RICH,SIM-MENU-V1,SIMULATED,SIM-MENU-V1
53,蜀味水煮草鱼,4,5,4,WARM,HARD,NONE,FALSE,SPICY,SIM-MENU-V1,SIMULATED,SIM-MENU-V1
54,清炒小油菜,0,2,1,WARM,EASY,NONE,FALSE,LIGHT,SIM-MENU-V1,SIMULATED,SIM-MENU-V1
55,蒜蓉娃娃菜,0,2,2,WARM,EASY,NONE,FALSE,LIGHT,SIM-MENU-V1,SIMULATED,SIM-MENU-V1
56,清炒西兰花,0,2,1,WARM,EASY,NONE,FALSE,LIGHT,SIM-MENU-V1,SIMULATED,SIM-MENU-V1
57,炝炒圆白菜,2,3,3,WARM,NORMAL,NONE,FALSE,LIGHT,SIM-MENU-V1,SIMULATED,SIM-MENU-V1
58,清蒸鲈鱼,0,1,2,WARM,EASY,NONE,FALSE,LIGHT,SIM-MENU-V1,SIMULATED,SIM-MENU-V1
59,东坡肘子,0,4,4,WARM,HARD,NONE,FALSE,RICH,SIM-MENU-V1,SIMULATED,SIM-MENU-V1
60,梅菜扣肉,0,4,5,WARM,HARD,NONE,TRUE,RICH,SIM-MENU-V1,SIMULATED,SIM-MENU-V1
61,剁椒鱼头,4,4,5,WARM,HARD,NONE,FALSE,SPICY,SIM-MENU-V1,SIMULATED,SIM-MENU-V1
62,金汤酸菜牛蛙,3,4,5,WARM,HARD,NONE,TRUE,RICH,SIM-MENU-V1,SIMULATED,SIM-MENU-V1
63,香锅牛蛙,4,5,4,WARM,HARD,NONE,FALSE,SPICY,SIM-MENU-V1,SIMULATED,SIM-MENU-V1
64,馋嘴牛蛙,3,4,4,WARM,HARD,NONE,FALSE,SPICY,SIM-MENU-V1,SIMULATED,SIM-MENU-V1
65,草鱼2斤,1,3,4,WARM,NORMAL,NONE,FALSE,RICH,SIM-MENU-V1,SIMULATED,SIM-MENU-V1
66,江团鱼2斤,1,3,4,WARM,NORMAL,NONE,FALSE,RICH,SIM-MENU-V1,SIMULATED,SIM-MENU-V1
67,鮰鱼2斤,1,3,4,WARM,NORMAL,NONE,FALSE,RICH,SIM-MENU-V1,SIMULATED,SIM-MENU-V1
68,鸡蛋汤,0,1,1,WARM,EASY,NONE,FALSE,LIGHT,SIM-MENU-V1,SIMULATED,SIM-MENU-V1
69,平菇豆腐汤,0,1,1,WARM,EASY,NONE,FALSE,LIGHT,SIM-MENU-V1,SIMULATED,SIM-MENU-V1
