dish_id,dish_name,ingredient_code,ingredient_name,amount_g,role_type,source_id,confidence,review_status
46,王老吉,PACKAGED_BEVERAGE,包装饮料,,PRIMARY,MENU_DB,LOW,DRAFT
47,北冰洋,PACKAGED_BEVERAGE,包装饮料,,PRIMARY,MENU_DB,LOW,DRAFT
48,雪花啤酒,BEER,啤酒,,PRIMARY,MENU_DB,MEDIUM,DRAFT
49,米饭,RICE,大米,,PRIMARY,MENU_DB,HIGH,DRAFT
50,馒头,WHEAT_FLOUR,小麦面粉,,PRIMARY,MENU_DB,HIGH,DRAFT
51,老坛酸菜鱼,SOUP_BASE,汤底,,SECONDARY,MENU_DB,HIGH,DRAFT
51,老坛酸菜鱼,GRASS_CARP,草鱼,,PRIMARY,MENU_DB,HIGH,DRAFT
51,老坛酸菜鱼,SAUERKRAUT,酸菜,,PRIMARY,MENU_DB,HIGH,DRAFT
52,经典酸菜鮰鱼,SAUERKRAUT,酸菜,,PRIMARY,MENU_DB,HIGH,DRAFT
52,经典酸菜鮰鱼,JIANGTUAN_FISH,江团鱼,,PRIMARY,MENU_DB,MEDIUM,DRAFT
52,经典酸菜鮰鱼,HUI_FISH,鮰鱼,,PRIMARY,MENU_DB,MEDIUM,DRAFT
53,蜀味水煮草鱼,GRASS_CARP,草鱼,,PRIMARY,MENU_DB,HIGH,DRAFT
53,蜀味水煮草鱼,SOUP_BASE,汤底,,SECONDARY,MENU_DB,HIGH,DRAFT
54,清炒小油菜,RAPE_GREEN,小油菜,,PRIMARY,MENU_DB,HIGH,DRAFT
55,蒜蓉娃娃菜,GARLIC,大蒜,,SECONDARY,MENU_DB,HIGH,DRAFT
55,蒜蓉娃娃菜,BABY_CABBAGE,娃娃菜,,PRIMARY,MENU_DB,HIGH,DRAFT
56,清炒西兰花,BROCCOLI,西兰花,,PRIMARY,MENU_DB,HIGH,DRAFT
57,炝炒圆白菜,CABBAGE,圆白菜,,PRIMARY,MENU_DB,HIGH,DRAFT
58,清蒸鲈鱼,SEA_BASS,鲈鱼,,PRIMARY,MENU_DB,HIGH,DRAFT
59,东坡肘子,PORK_ELBOW,猪肘,,PRIMARY,MENU_DB,HIGH,DRAFT
60,梅菜扣肉,PORK,猪肉,,PRIMARY,MENU_DB,HIGH,DRAFT
60,梅菜扣肉,PRESERVED_MUSTARD,梅菜,,PRIMARY,MENU_DB,HIGH,DRAFT
61,剁椒鱼头,SILVER_CARP,鲢鱼,,PRIMARY,MENU_DB,HIGH,DRAFT
61,剁椒鱼头,CHOPPED_CHILI,剁椒,,SECONDARY,MENU_DB,HIGH,DRAFT
62,金汤酸菜牛蛙,BULLFROG,牛蛙,,PRIMARY,MENU_DB,HIGH,DRAFT
62,金汤酸菜牛蛙,SAUERKRAUT,酸菜,,SECONDARY,MENU_DB,HIGH,DRAFT
63,香锅牛蛙,BULLFROG,牛蛙,,PRIMARY,MENU_DB,HIGH,DRAFT
63,香锅牛蛙,LOTUS_ROOT,莲藕,,SECONDARY,MENU_DB,HIGH,DRAFT
63,香锅牛蛙,LETTUCE_STEM,青笋,,SECONDARY,MENU_DB,HIGH,DRAFT
64,馋嘴牛蛙,BULLFROG,牛蛙,,PRIMARY,MENU_DB,HIGH,DRAFT
64,馋嘴牛蛙,LUFFA,丝瓜,,SECONDARY,MENU_DB,HIGH,DRAFT
64,馋嘴牛蛙,SOYBEAN_SPROUT,黄豆芽,,SECONDARY,MENU_DB,HIGH,DRAFT
65,草鱼2斤,GRASS_CARP,草鱼,,PRIMARY,MENU_DB,HIGH,DRAFT
65,草鱼2斤,SOYBEAN_SPROUT,黄豆芽,,SECONDARY,MENU_DB,HIGH,DRAFT
65,草鱼2斤,LOTUS_ROOT,莲藕,,SECONDARY,MENU_DB,HIGH,DRAFT
66,江团鱼2斤,JIANGTUAN_FISH,江团鱼,,PRIMARY,MENU_DB,HIGH,DRAFT
66,江团鱼2斤,SOYBEAN_SPROUT,黄豆芽,,SECONDARY,MENU_DB,HIGH,DRAFT
66,江团鱼2斤,LOTUS_ROOT,莲藕,,SECONDARY,MENU_DB,HIGH,DRAFT
67,鮰鱼2斤,HUI_FISH,鮰鱼,,PRIMARY,MENU_DB,HIGH,DRAFT
67,鮰鱼2斤,SOYBEAN_SPROUT,黄豆芽,,SECONDARY,MENU_DB,HIGH,DRAFT
67,鮰鱼2斤,LOTUS_ROOT,莲藕,,SECONDARY,MENU_DB,HIGH,DRAFT
68,鸡蛋汤,EGG,鸡蛋,,PRIMARY,MENU_DB,HIGH,DRAFT
68,鸡蛋汤,SEAWEED,紫菜,,SECONDARY,MENU_DB,HIGH,DRAFT
69,平菇豆腐汤,TOFU,豆腐,,PRIMARY,MENU_DB,HIGH,DRAFT
69,平菇豆腐汤,OYSTER_MUSHROOM,平菇,,PRIMARY,MENU_DB,HIGH,DRAFT

