dish_id,dish_name,profile_version,recipe_version,serving_size_g,energy_kcal,protein_g,fat_g,carbohydrate_g,dietary_fiber_g,sugar_g,sodium_mg,purine_mg,source_type,source_reference,calculation_method,uncertainty_note,verification_status
46,王老吉,1,1,310,120,0,0,30,0,28,30,,SIMULATED_RECIPE_ESTIMATE,SIM-MENU-V1/PACKAGED-310ML,PER_SERVING,模拟310ml包装；实际以采购标签为准,SIMULATED
47,北冰洋,1,1,330,140,0,0,35,0,35,25,,SIMULATED_RECIPE_ESTIMATE,SIM-MENU-V1/PACKAGED-330ML,PER_SERVING,模拟330ml含糖汽水；实际以采购标签为准,SIMULATED
48,雪花啤酒,1,1,330,135,1,0,10.5,0,0,15,,SIMULATED_RECIPE_ESTIMATE,SIM-MENU-V1/BEER-330ML,PER_SERVING,模拟330ml啤酒；酒精和实际标签未纳入,SIMULATED
49,米饭,1,1,150,174,3.9,0.5,38.7,0.5,0.1,2,,SIMULATED_RECIPE_ESTIMATE,SIM-MENU-V1/COOKED-RICE-150G,PER_SERVING,模拟熟米饭150g,SIMULATED
50,馒头,1,1,100,223,7,1.1,47,1.3,1,200,,SIMULATED_RECIPE_ESTIMATE,SIM-MENU-V1/STEAMED-BUN-100G,PER_SERVING,模拟单个馒头100g及含盐配方,SIMULATED
51,老坛酸菜鱼,1,1,450,520,42,30,18,3,4,2200,,SIMULATED_RECIPE_ESTIMATE,SIM-MENU-V1/PICKLED-FISH-450G,PER_SERVING,模拟鱼肉180g/酸菜100g/汤底及烹调油；钠不确定性高,SIMULATED
52,经典酸菜鮰鱼,1,1,450,550,44,32,20,3,4,2300,,SIMULATED_RECIPE_ESTIMATE,SIM-MENU-V1/PICKLED-HUI-FISH-450G,PER_SERVING,模拟鱼肉180g/酸菜100g/汤底；实际鱼种待确认,SIMULATED
53,蜀味水煮草鱼,1,1,450,580,40,38,20,3,3,1800,,SIMULATED_RECIPE_ESTIMATE,SIM-MENU-V1/BOILED-FISH-450G,PER_SERVING,模拟鱼肉180g和较多烹调油,SIMULATED
54,清炒小油菜,1,1,250,190,4,14,12,5,4,450,,SIMULATED_RECIPE_ESTIMATE,SIM-MENU-V1/STIR-FRY-GREEN-250G,PER_SERVING,模拟净菜220g/油14g/盐约1g,SIMULATED
55,蒜蓉娃娃菜,1,1,250,210,5,14,18,5,7,600,,SIMULATED_RECIPE_ESTIMATE,SIM-MENU-V1/GARLIC-CABBAGE-250G,PER_SERVING,模拟净菜220g/油14g/蒜和调味汁,SIMULATED
56,清炒西兰花,1,1,250,200,8,13,18,8,4,500,,SIMULATED_RECIPE_ESTIMATE,SIM-MENU-V1/STIR-FRY-BROCCOLI-250G,PER_SERVING,模拟西兰花220g/油13g/盐约1g,SIMULATED
57,炝炒圆白菜,1,1,250,220,5,16,17,5,8,700,,SIMULATED_RECIPE_ESTIMATE,SIM-MENU-V1/STIR-FRY-CABBAGE-250G,PER_SERVING,模拟圆白菜220g/油16g/复合调味,SIMULATED
58,清蒸鲈鱼,1,1,280,320,48,12,5,0,2,850,,SIMULATED_RECIPE_ESTIMATE,SIM-MENU-V1/STEAMED-BASS-280G,PER_SERVING,模拟可食鱼肉220g及蒸鱼调味汁,SIMULATED
59,东坡肘子,1,1,250,780,38,62,18,0,12,1450,,SIMULATED_RECIPE_ESTIMATE,SIM-MENU-V1/PORK-ELBOW-250G,PER_SERVING,模拟可食肘子250g及红烧糖油酱汁；误差高,SIMULATED
60,梅菜扣肉,1,1,250,720,25,58,25,2,10,1800,,SIMULATED_RECIPE_ESTIMATE,SIM-MENU-V1/PORK-BELLY-250G,PER_SERVING,模拟五花肉160g/梅菜60g/酱汁,SIMULATED
61,剁椒鱼头,1,1,350,480,38,30,15,2,5,2100,,SIMULATED_RECIPE_ESTIMATE,SIM-MENU-V1/CHILI-FISH-HEAD-350G,PER_SERVING,模拟可食鱼肉180g及剁椒调味；钠误差高,SIMULATED
62,金汤酸菜牛蛙,1,1,450,560,45,32,20,3,4,2200,,SIMULATED_RECIPE_ESTIMATE,SIM-MENU-V1/PICKLED-BULLFROG-450G,PER_SERVING,模拟牛蛙肉200g/酸菜/金汤及烹调油,SIMULATED
63,香锅牛蛙,1,1,450,720,46,48,28,6,5,1900,,SIMULATED_RECIPE_ESTIMATE,SIM-MENU-V1/DRY-POT-BULLFROG-450G,PER_SERVING,模拟牛蛙肉200g/配菜/香锅油及酱料,SIMULATED
64,馋嘴牛蛙,1,1,450,620,44,38,28,5,5,1800,,SIMULATED_RECIPE_ESTIMATE,SIM-MENU-V1/BULLFROG-450G,PER_SERVING,模拟牛蛙肉200g/丝瓜/黄豆芽及复合汤汁,SIMULATED
65,草鱼2斤,1,1,350,510,40,28,26,5,4,1500,,SIMULATED_RECIPE_ESTIMATE,SIM-MENU-V1/SHARED-FISH-ONE-PERSON,PER_SERVING,把2斤整菜模拟按3至4人分食；本行是一人份,SIMULATED
66,江团鱼2斤,1,1,350,530,42,29,27,5,4,1550,,SIMULATED_RECIPE_ESTIMATE,SIM-MENU-V1/SHARED-JIANGTUAN-ONE-PERSON,PER_SERVING,把2斤整菜模拟按3至4人分食；本行是一人份,SIMULATED
67,鮰鱼2斤,1,1,350,540,42,30,27,5,4,1550,,SIMULATED_RECIPE_ESTIMATE,SIM-MENU-V1/SHARED-HUI-FISH-ONE-PERSON,PER_SERVING,把2斤整菜模拟按3至4人分食；本行是一人份,SIMULATED
68,鸡蛋汤,1,1,350,105,7,6,5,1,1,650,,SIMULATED_RECIPE_ESTIMATE,SIM-MENU-V1/EGG-SOUP-350G,PER_SERVING,模拟鸡蛋1个/紫菜/汤350g及盐,SIMULATED
69,平菇豆腐汤,1,1,350,150,11,8,10,2,2,600,,SIMULATED_RECIPE_ESTIMATE,SIM-MENU-V1/TOFU-MUSHROOM-SOUP-350G,PER_SERVING,模拟豆腐120g/平菇80g/汤及盐,SIMULATED
