dish_id,dish_name,ingredient_status,amount_status,nutrition_status,allergen_status,ready_for_verification,next_action
46,王老吉,INCOMPLETE,MISSING,MISSING,UNKNOWN,NO,采集实际包装规格的配料表/营养表/过敏原声明
47,北冰洋,INCOMPLETE,MISSING,MISSING,UNKNOWN,NO,采集实际包装规格的配料表/营养表/过敏原声明
48,雪花啤酒,INCOMPLETE,MISSING,MISSING,UNKNOWN,NO,采集实际包装规格标签并确认含麸质谷物声明
49,米饭,PARTIAL,MISSING,MISSING,UNKNOWN,NO,称量标准份量并补齐水和加工损耗
50,馒头,PARTIAL,MISSING,MISSING,PARTIAL,NO,称量单个重量并补齐配方及供应商面粉声明
51,老坛酸菜鱼,PARTIAL,MISSING,MISSING,PARTIAL,NO,称量完整配方并核对汤底和调味品
52,经典酸菜鮰鱼,CONFLICT,MISSING,MISSING,PARTIAL,NO,确认实际鱼种后重新建立配方
53,蜀味水煮草鱼,PARTIAL,MISSING,MISSING,PARTIAL,NO,补齐油盐和汤底配方
54,清炒小油菜,PARTIAL,MISSING,MISSING,UNKNOWN,NO,补齐油盐和调味品
55,蒜蓉娃娃菜,PARTIAL,MISSING,MISSING,UNKNOWN,NO,补齐油盐和酱料
56,清炒西兰花,PARTIAL,MISSING,MISSING,UNKNOWN,NO,补齐油盐和调味品
57,炝炒圆白菜,PARTIAL,MISSING,MISSING,UNKNOWN,NO,补齐油盐和调味品
58,清蒸鲈鱼,PARTIAL,MISSING,MISSING,PARTIAL,NO,确认可食重量及蒸鱼汁配方
59,东坡肘子,PARTIAL,MISSING,MISSING,UNKNOWN,NO,补齐糖油酱油和可食重量
60,梅菜扣肉,PARTIAL,MISSING,MISSING,UNKNOWN,NO,补齐肥瘦比例及调味品
61,剁椒鱼头,PARTIAL,MISSING,MISSING,PARTIAL,NO,补齐剁椒标签和调味品
62,金汤酸菜牛蛙,PARTIAL,MISSING,MISSING,UNKNOWN,NO,补齐汤底/油盐/配料
63,香锅牛蛙,PARTIAL,MISSING,MISSING,UNKNOWN,NO,补齐香锅酱料和用油量
64,馋嘴牛蛙,PARTIAL,MISSING,MISSING,PARTIAL,NO,补齐黄豆芽之外的酱料过敏原
65,草鱼2斤,PARTIAL,MISSING,MISSING,PARTIAL,NO,确认2斤是原料毛重还是成品重量并补调料
66,江团鱼2斤,PARTIAL,MISSING,MISSING,PARTIAL,NO,确认2斤是原料毛重还是成品重量并补调料
67,鮰鱼2斤,PARTIAL,MISSING,MISSING,PARTIAL,NO,确认2斤是原料毛重还是成品重量并补调料
68,鸡蛋汤,PARTIAL,MISSING,MISSING,PARTIAL,NO,补齐鸡蛋数量/盐/香油和汤量
69,平菇豆腐汤,PARTIAL,MISSING,MISSING,PARTIAL,NO,补齐豆腐供应商声明/盐和汤量

