ingredient_code,name,category,allergen_code,source_id,review_status
RICE,大米,GRAIN,,MENU_DB,DRAFT
WHEAT_FLOUR,小麦面粉,GRAIN,WHEAT,MENU_DB,DRAFT
GRASS_CARP,草鱼,FISH,FISH,MENU_DB,DRAFT
SAUERKRAUT,酸菜,VEGETABLE,,MENU_DB,DRAFT
JIANGTUAN_FISH,江团鱼,FISH,FISH,MENU_DB,DRAFT
HUI_FISH,鮰鱼,FISH,FISH,MENU_DB,DRAFT
RAPE_GREEN,小油菜,VEGETABLE,,MENU_DB,DRAFT
GARLIC,大蒜,VEGETABLE,,MENU_DB,DRAFT
BABY_CABBAGE,娃娃菜,VEGETABLE,,MENU_DB,DRAFT
BROCCOLI,西兰花,VEGETABLE,,MENU_DB,DRAFT
CABBAGE,圆白菜,VEGETABLE,,MENU_DB,DRAFT
SEA_BASS,鲈鱼,FISH,FISH,MENU_DB,DRAFT
PORK_ELBOW,猪肘,MEAT,,MENU_DB,DRAFT
PORK,猪肉,MEAT,,MENU_DB,DRAFT
PRESERVED_MUSTARD,梅菜,VEGETABLE,,MENU_DB,DRAFT
SILVER_CARP,鲢鱼,FISH,FISH,MENU_DB,DRAFT
CHOPPED_CHILI,剁椒,CONDIMENT,,MENU_DB,DRAFT
BULLFROG,牛蛙,MEAT,,MENU_DB,DRAFT
LOTUS_ROOT,莲藕,VEGETABLE,,MENU_DB,DRAFT
LETTUCE_STEM,青笋,VEGETABLE,,MENU_DB,DRAFT
LUFFA,丝瓜,VEGETABLE,,MENU_DB,DRAFT
SOYBEAN_SPROUT,黄豆芽,VEGETABLE,SOY,MENU_DB,DRAFT
EGG,鸡蛋,EGG,EGG,MENU_DB,DRAFT
SEAWEED,紫菜,VEGETABLE,,MENU_DB,DRAFT
TOFU,豆腐,SOY_PRODUCT,SOY,MENU_DB,DRAFT
OYSTER_MUSHROOM,平菇,MUSHROOM,,MENU_DB,DRAFT
SOUP_BASE,汤底,COMPOSITE,,MENU_DB,DRAFT
PACKAGED_BEVERAGE,包装饮料,BEVERAGE,,MENU_DB,DRAFT
BEER,啤酒,ALCOHOL,,MENU_DB,DRAFT

