setmeal_id,setmeal_name,dish_id,dish_name,copies,source_id,review_status
33,好好吃,46,王老吉,1,MENU_DB,DRAFT
33,好好吃,49,米饭,1,MENU_DB,DRAFT
33,好好吃,50,馒头,1,MENU_DB,DRAFT
33,好好吃,67,鮰鱼2斤,1,MENU_DB,DRAFT
33,好好吃,68,鸡蛋汤,1,MENU_DB,DRAFT
34,不好吃,46,王老吉,1,MENU_DB,DRAFT
34,不好吃,48,雪花啤酒,1,MENU_DB,DRAFT
34,不好吃,49,米饭,1,MENU_DB,DRAFT
34,不好吃,50,馒头,1,MENU_DB,DRAFT
34,不好吃,58,清蒸鲈鱼,1,MENU_DB,DRAFT
34,不好吃,68,鸡蛋汤,1,MENU_DB,DRAFT
35,123,56,清炒西兰花,1,MENU_DB,DRAFT
35,123,66,江团鱼2斤,1,MENU_DB,DRAFT
36,456,49,米饭,1,MENU_DB,DRAFT
36,456,54,清炒小油菜,1,MENU_DB,DRAFT
36,456,65,草鱼2斤,1,MENU_DB,DRAFT
36,456,68,鸡蛋汤,1,MENU_DB,DRAFT
